profile,param_id,beta,gamma,strategy,budget_k_pct,budget_k_nodes,mean_infected_per_hh,std_infected_per_hh,p2_5_infected_per_hh,p97_5_infected_per_hh,mean_reduction_vs_baseline_pct,std_reduction_vs_baseline_pct,p2_5_reduction_vs_baseline_pct,p97_5_reduction_vs_baseline_pct,n_runs
smoke,beta0.20_gamma0.10,0.2,0.1,betweenness,1,3,3.1667,0.148,2.9784,3.3131,-1.2052,7.3862,-7.8475,8.3733,3
smoke,beta0.20_gamma0.10,0.2,0.1,betweenness,2,6,3.0947,0.0983,2.9733,3.2,1.3053,0.6534,0.4497,1.7896,3
smoke,beta0.20_gamma0.10,0.2,0.1,betweenness,3,10,2.9546,0.0608,2.8892,3.0296,5.7302,1.8945,3.2492,7.1585,3
smoke,beta0.20_gamma0.10,0.2,0.1,betweenness,4,13,2.9318,0.0809,2.8647,3.0375,6.4503,2.7069,3.2317,9.5245,3
smoke,beta0.20_gamma0.10,0.2,0.1,betweenness,5,17,2.8712,0.0375,2.8312,2.9177,8.2754,4.7313,2.2969,13.0622,3
smoke,beta0.20_gamma0.10,0.2,0.1,betweenness,6,20,2.8864,0.0835,2.7892,2.9835,7.7377,6.1909,0.0854,14.3504,3
smoke,beta0.20_gamma0.10,0.2,0.1,betweenness,7,23,2.7803,0.0467,2.7296,2.8375,11.2469,3.1264,7.1713,13.9242,3
smoke,beta0.20_gamma0.10,0.2,0.1,betweenness,8,27,2.6174,0.0387,2.5806,2.6671,16.3774,4.4632,10.6861,20.7567,3
smoke,beta0.20_gamma0.10,0.2,0.1,betweenness,9,30,2.553,0.0684,2.4903,2.6414,18.5525,1.6508,16.5324,20.3494,3
smoke,beta0.20_gamma0.10,0.2,0.1,betweenness,10,34,2.5644,0.08,2.4807,2.6643,18.1719,2.7048,15.8218,21.6933,3
smoke,beta0.20_gamma0.10,0.2,0.1,betweenness,11,37,2.5038,0.0671,2.4159,2.5562,20.1334,1.0703,19.1155,21.5083,3
smoke,beta0.20_gamma0.10,0.2,0.1,betweenness,12,40,2.4773,0.0759,2.3813,2.554,20.8156,5.3351,14.4733,26.8762,3
smoke,beta0.20_gamma0.10,0.2,0.1,betweenness,13,44,2.394,0.0375,2.3449,2.4205,23.5271,3.8879,18.95,27.9946,3
smoke,beta0.20_gamma0.10,0.2,0.1,betweenness,14,47,2.3674,0.0703,2.3079,2.4591,24.329,5.0874,17.6788,28.5048,3
smoke,beta0.20_gamma0.10,0.2,0.1,betweenness,15,51,2.303,0.0789,2.2006,2.3733,26.5495,1.2881,25.1519,28.1286,3
smoke,beta0.20_gamma0.10,0.2,0.1,betweenness,16,54,2.1023,0.0608,2.0369,2.1773,32.8615,3.4212,29.8416,37.3083,3
smoke,beta0.20_gamma0.10,0.2,0.1,betweenness,17,57,2.0454,0.1348,1.8841,2.1971,34.8075,3.0702,30.7893,37.0184,3
smoke,beta0.20_gamma0.10,0.2,0.1,betweenness,18,61,2.1023,0.0425,2.0585,2.1557,32.9014,2.1501,30.9652,35.6891,3
smoke,beta0.20_gamma0.10,0.2,0.1,betweenness,19,64,2.0568,0.0425,2.0034,2.1006,34.3007,3.3516,30.6923,38.4268,3
smoke,beta0.20_gamma0.10,0.2,0.1,betweenness,20,68,2.0606,0.0559,1.9926,2.1222,34.2179,2.7875,30.7498,37.1544,3
smoke,beta0.20_gamma0.10,0.2,0.1,degree,1,3,3.2462,0.0476,3.1858,3.2938,-3.6043,2.8149,-6.7238,-0.1971,3
smoke,beta0.20_gamma0.10,0.2,0.1,degree,2,6,3.1553,0.0911,3.0909,3.2744,-0.7248,4.2093,-3.8052,4.786,3
smoke,beta0.20_gamma0.10,0.2,0.1,degree,3,10,2.9508,0.0439,2.9102,3.0074,5.7278,5.0403,-0.7114,10.6377,3
smoke,beta0.20_gamma0.10,0.2,0.1,degree,4,13,2.9887,0.058,2.9142,3.0438,4.573,4.0972,-0.7567,8.1625,3
smoke,beta0.20_gamma0.10,0.2,0.1,degree,5,17,2.9205,0.0405,2.887,2.9733,6.7035,4.8236,0.448,11.0403,3
smoke,beta0.20_gamma0.10,0.2,0.1,degree,6,20,2.9583,0.0618,2.8801,3.0204,5.501,4.9756,-1.0148,9.2886,3
smoke,beta0.20_gamma0.10,0.2,0.1,degree,7,23,2.947,0.1474,2.7539,3.0562,6.0766,1.6684,4.0592,7.9281,3
smoke,beta0.20_gamma0.10,0.2,0.1,degree,8,27,2.8068,0.0491,2.7431,2.8512,10.353,4.3546,4.6506,13.6011,3
smoke,beta0.20_gamma0.10,0.2,0.1,degree,9,30,2.7803,0.0351,2.7506,2.8261,11.2513,2.828,7.5513,13.2605,3
smoke,beta0.20_gamma0.10,0.2,0.1,degree,10,34,2.8144,0.0054,2.8074,2.8182,10.1417,3.2827,5.9945,13.465,3
smoke,beta0.20_gamma0.10,0.2,0.1,degree,11,37,2.7045,0.0464,2.6505,2.7586,13.5875,4.7853,7.6241,18.6093,3
smoke,beta0.20_gamma0.10,0.2,0.1,degree,12,40,2.6818,0.0835,2.5846,2.779,14.3387,4.7347,10.0368,20.4699,3
smoke,beta0.20_gamma0.10,0.2,0.1,degree,13,44,2.5757,0.0142,2.5579,2.5903,17.7725,2.6976,14.3479,20.4615,3
smoke,beta0.20_gamma0.10,0.2,0.1,degree,14,47,2.7235,0.0755,2.6602,2.8221,12.9536,5.6906,5.5202,17.688,3
smoke,beta0.20_gamma0.10,0.2,0.1,degree,15,51,2.5568,0.0425,2.5034,2.6006,18.412,1.7552,16.1788,20.1485,3
smoke,beta0.20_gamma0.10,0.2,0.1,degree,16,54,2.5758,0.0597,2.5238,2.6534,17.6828,5.0898,11.1383,22.5014,3
smoke,beta0.20_gamma0.10,0.2,0.1,degree,17,57,2.6098,0.1067,2.4841,2.7323,16.5799,6.1111,8.6076,21.7636,3
smoke,beta0.20_gamma0.10,0.2,0.1,degree,18,61,2.4735,0.116,2.3369,2.6068,21.0593,4.0614,16.9472,26.1902,3
smoke,beta0.20_gamma0.10,0.2,0.1,degree,19,64,2.4887,0.0425,2.4449,2.5421,20.5647,2.5632,18.0276,23.8254,3
smoke,beta0.20_gamma0.10,0.2,0.1,degree,20,68,2.4053,0.0744,2.3222,2.4949,23.131,5.0235,16.553,26.8617,3
smoke,beta0.20_gamma0.10,0.2,0.1,gnn,1,3,3.178,0.2224,2.8869,3.3403,-1.6788,10.2407,-11.8539,11.3344,3
smoke,beta0.20_gamma0.10,0.2,0.1,gnn,2,6,3.0871,0.0915,3.0125,3.2068,1.4633,3.8946,-1.4193,6.5629,3
smoke,beta0.20_gamma0.10,0.2,0.1,gnn,3,10,2.8523,0.1163,2.7222,2.992,9.0623,0.9923,8.0521,10.3135,3
smoke,beta0.20_gamma0.10,0.2,0.1,gnn,4,13,2.9735,0.0618,2.9114,3.0517,4.9799,5.6506,-2.1977,10.6018,3
smoke,beta0.20_gamma0.10,0.2,0.1,gnn,5,17,2.8637,0.0804,2.7585,2.9205,8.491,5.6383,2.2072,15.2897,3
smoke,beta0.20_gamma0.10,0.2,0.1,gnn,6,20,2.572,0.1107,2.4302,2.6784,17.8799,4.6719,12.4915,23.3616,3
smoke,beta0.20_gamma0.10,0.2,0.1,gnn,7,23,2.5265,0.0596,2.4489,2.5784,19.3999,1.2117,18.0097,20.8283,3
smoke,beta0.20_gamma0.10,0.2,0.1,gnn,8,27,2.4924,0.0658,2.4233,2.5744,20.4519,2.8197,16.9995,23.5184,3
smoke,beta0.20_gamma0.10,0.2,0.1,gnn,9,30,2.5568,0.0649,2.4722,2.6125,18.4319,1.5113,17.195,20.4078,3
smoke,beta0.20_gamma0.10,0.2,0.1,gnn,10,34,2.4242,0.0745,2.3346,2.5074,22.6832,0.6673,21.8177,23.2825,3
smoke,beta0.20_gamma0.10,0.2,0.1,gnn,11,37,2.4735,0.0559,2.4119,2.5415,21.047,2.8642,17.4144,23.9111,3
smoke,beta0.20_gamma0.10,0.2,0.1,gnn,12,40,2.322,0.0911,2.2029,2.3864,25.9655,0.8957,24.8114,26.8046,3
smoke,beta0.20_gamma0.10,0.2,0.1,gnn,13,44,2.4015,0.0567,2.3432,2.4728,23.2627,4.5822,17.2625,26.7961,3
smoke,beta0.20_gamma0.10,0.2,0.1,gnn,14,47,2.2727,0.0793,2.1858,2.3693,27.3579,5.0454,20.7507,31.1568,3
smoke,beta0.20_gamma0.10,0.2,0.1,gnn,15,51,2.2651,0.0298,2.2392,2.304,27.6755,2.8464,24.5681,31.153,3
smoke,beta0.20_gamma0.10,0.2,0.1,gnn,16,54,2.2538,0.0438,2.1972,2.2944,28.0827,1.6596,26.399,30.1778,3
smoke,beta0.20_gamma0.10,0.2,0.1,gnn,17,57,2.2765,0.0596,2.1989,2.3284,27.2828,3.9595,22.1313,30.7466,3
smoke,beta0.20_gamma0.10,0.2,0.1,gnn,18,61,2.144,0.0652,2.0716,2.2228,31.4842,4.4515,25.656,34.7534,3
smoke,beta0.20_gamma0.10,0.2,0.1,gnn,19,64,2.0871,0.0966,1.963,2.179,33.4757,0.6212,32.9812,34.2886,3
smoke,beta0.20_gamma0.10,0.2,0.1,gnn,20,68,2.0076,0.0721,1.9154,2.0772,35.9724,1.3171,34.4821,37.5431,3
smoke,beta0.20_gamma0.10,0.2,0.1,random,1,3,3.1137,0.058,3.0392,3.1688,0.5185,5.5079,-6.1103,6.6739,3
smoke,beta0.20_gamma0.10,0.2,0.1,random,2,6,3.0455,0.0556,2.9807,3.1102,2.8041,2.7958,0.0896,6.3788,3
smoke,beta0.20_gamma0.10,0.2,0.1,random,3,10,2.9887,0.0969,2.862,3.0671,4.4931,6.1218,-2.0143,12.0777,3
smoke,beta0.20_gamma0.10,0.2,0.1,random,4,13,2.9886,0.0895,2.8721,3.0665,4.4809,6.2265,-2.6857,11.8004,3
smoke,beta0.20_gamma0.10,0.2,0.1,random,5,17,2.9735,0.2,2.7494,3.2137,4.8137,10.0708,-7.6366,15.567,3
smoke,beta0.20_gamma0.10,0.2,0.1,random,6,20,2.875,0.0964,2.7488,2.9432,8.1737,5.2144,1.5756,13.4269,3
smoke,beta0.20_gamma0.10,0.2,0.1,random,7,23,2.8485,0.0233,2.8199,2.8739,9.0753,2.7404,5.5781,11.7562,3
smoke,beta0.20_gamma0.10,0.2,0.1,random,8,27,2.9053,0.0326,2.8659,2.9415,7.2179,4.0439,2.534,11.9438,3
smoke,beta0.20_gamma0.10,0.2,0.1,random,9,30,2.7235,0.126,2.5857,2.8773,12.9215,7.007,3.7544,18.5598,3
smoke,beta0.20_gamma0.10,0.2,0.1,random,10,34,2.5871,0.1503,2.3903,2.7034,17.5648,2.2638,14.849,20.106,3
smoke,beta0.20_gamma0.10,0.2,0.1,random,11,37,2.5833,0.1352,2.4096,2.7119,17.4384,6.4822,9.2979,24.1124,3
smoke,beta0.20_gamma0.10,0.2,0.1,random,12,40,2.5227,0.1206,2.4324,2.6807,19.5527,2.6564,17.4475,23.0296,3
smoke,beta0.20_gamma0.10,0.2,0.1,random,13,44,2.5568,0.0185,2.5352,2.5784,18.3378,3.7203,13.6586,22.1525,3
smoke,beta0.20_gamma0.10,0.2,0.1,random,14,47,2.4735,0.165,2.3023,2.6801,21.1136,4.6003,17.4666,27.1347,3
smoke,beta0.20_gamma0.10,0.2,0.1,random,15,51,2.4129,0.0054,2.4091,2.4199,22.9574,2.9196,19.3126,26.0086,3
smoke,beta0.20_gamma0.10,0.2,0.1,random,16,54,2.3182,0.0517,2.2637,2.3824,26.0151,2.3173,24.0801,29.0414,3
smoke,beta0.20_gamma0.10,0.2,0.1,random,17,57,2.303,0.0778,2.2012,2.363,26.4476,4.0857,21.3191,30.6595,3
smoke,beta0.20_gamma0.10,0.2,0.1,random,18,61,2.178,0.0604,2.1063,2.2466,30.4068,4.2349,24.8612,33.6623,3
smoke,beta0.20_gamma0.10,0.2,0.1,random,19,64,2.1856,0.1118,2.0625,2.3215,30.0769,6.2823,22.245,36.6642,3
smoke,beta0.20_gamma0.10,0.2,0.1,random,20,68,2.2083,0.0684,2.1199,2.271,29.5606,1.3026,28.35,31.2413,3
smoke,beta0.25_gamma0.10,0.25,0.1,betweenness,1,3,3.2008,0.0842,3.0972,3.2915,5.0419,2.0155,2.5168,7.1302,3
smoke,beta0.25_gamma0.10,0.25,0.1,betweenness,2,6,3.1781,0.1559,3.0177,3.3739,5.6483,5.5906,-0.1115,12.6674,3
smoke,beta0.25_gamma0.10,0.25,0.1,betweenness,3,10,3.2159,0.0464,3.1619,3.2699,4.5691,2.0312,1.928,6.3561,3
smoke,beta0.25_gamma0.10,0.25,0.1,betweenness,4,13,3.1742,0.1099,3.0915,3.3181,5.7215,5.3905,-1.2453,10.6828,3
smoke,beta0.25_gamma0.10,0.25,0.1,betweenness,5,17,3.0076,0.0268,2.9886,3.0427,10.7532,1.4918,8.819,12.0969,3
smoke,beta0.25_gamma0.10,0.25,0.1,betweenness,6,20,3.0303,0.0054,3.0233,3.0341,10.0599,2.2436,7.4322,12.6526,3
smoke,beta0.25_gamma0.10,0.25,0.1,betweenness,7,23,2.9129,0.0054,2.9091,2.9199,13.5482,2.0235,11.2289,15.9357,3
smoke,beta0.25_gamma0.10,0.25,0.1,betweenness,8,27,2.8409,0.0809,2.7353,2.908,15.6336,4.2437,11.2795,20.9698,3
smoke,beta0.25_gamma0.10,0.25,0.1,betweenness,9,30,2.7917,0.0702,2.7,2.8512,17.1013,3.9139,13.0129,21.9884,3
smoke,beta0.25_gamma0.10,0.25,0.1,betweenness,10,34,2.7159,0.0914,2.5989,2.804,19.3335,4.5315,14.4502,24.9095,3
smoke,beta0.25_gamma0.10,0.25,0.1,betweenness,11,37,2.4886,0.1033,2.3795,2.617,26.1684,2.8501,22.4826,28.7814,3
smoke,beta0.25_gamma0.10,0.25,0.1,betweenness,12,40,2.572,0.1075,2.4313,2.658,23.6557,3.8967,19.0092,28.0654,3
smoke,beta0.25_gamma0.10,0.25,0.1,betweenness,13,44,2.4167,0.0283,2.3875,2.4522,28.2557,2.5229,25.181,31.0211,3
smoke,beta0.25_gamma0.10,0.25,0.1,betweenness,14,47,2.394,0.0298,2.3551,2.4199,28.9455,2.0547,26.2548,30.4824,3
smoke,beta0.25_gamma0.10,0.25,0.1,betweenness,15,51,2.3864,0.0335,2.3437,2.4194,29.1593,2.4172,26.8134,32.2502,3
smoke,beta0.25_gamma0.10,0.25,0.1,betweenness,16,54,2.2462,0.0618,2.1841,2.3244,33.2918,3.3976,29.0788,36.8971,3
smoke,beta0.25_gamma0.10,0.25,0.1,betweenness,17,57,2.2955,0.0556,2.2307,2.3602,31.8937,1.5535,30.0652,33.6792,3
smoke,beta0.25_gamma0.10,0.25,0.1,betweenness,18,61,2.1932,0.0825,2.1159,2.2994,34.9238,2.4964,31.8381,37.5905,3
smoke,beta0.25_gamma0.10,0.25,0.1,betweenness,19,64,2.1629,0.0458,2.1256,2.2228,35.8323,0.9474,34.773,36.972,3
smoke,beta0.25_gamma0.10,0.25,0.1,betweenness,20,68,2.0492,0.0597,1.9716,2.1012,39.1421,3.1144,35.8949,43.034,3
smoke,beta0.25_gamma0.10,0.25,0.1,degree,1,3,3.303,0.0952,3.2079,3.4238,2.0114,2.1862,0.0492,4.8472,3
smoke,beta0.25_gamma0.10,0.25,0.1,degree,2,6,3.2121,0.1333,3.0937,3.3852,4.5928,5.9565,-3.2076,9.1422,3
smoke,beta0.25_gamma0.10,0.25,0.1,degree,3,10,3.178,0.0618,3.1159,3.2563,5.6935,2.3155,3.4417,8.6529,3
smoke,beta0.25_gamma0.10,0.25,0.1,degree,4,13,3.1136,0.1275,2.9534,3.2449,7.5564,5.0716,1.1187,12.6139,3
smoke,beta0.25_gamma0.10,0.25,0.1,degree,5,17,3.0455,0.0743,2.959,3.1319,9.5617,4.3247,4.4466,14.5046,3
smoke,beta0.25_gamma0.10,0.25,0.1,degree,6,20,3.1174,0.0929,3.0063,3.2222,7.542,0.5988,6.9113,8.287,3
smoke,beta0.25_gamma0.10,0.25,0.1,degree,7,23,3.0455,0.0321,3.0034,3.0682,9.6122,2.3821,6.4931,11.4572,3
smoke,beta0.25_gamma0.10,0.25,0.1,degree,8,27,3.0114,0.1367,2.8693,3.1824,10.6827,3.1951,7.9268,14.8453,3
smoke,beta0.25_gamma0.10,0.25,0.1,degree,9,30,2.8864,0.0186,2.8647,2.908,14.3409,1.8312,11.9729,16.0199,3
smoke,beta0.25_gamma0.10,0.25,0.1,degree,10,34,2.7651,0.0992,2.6631,2.8897,17.8641,4.8763,11.8281,23.0575,3
smoke,beta0.25_gamma0.10,0.25,0.1,degree,11,37,2.8068,0.0982,2.7182,2.9341,16.642,4.6589,10.5424,20.2879,3
smoke,beta0.25_gamma0.10,0.25,0.1,degree,12,40,2.8219,0.1559,2.6261,2.9823,16.2765,4.4725,12.5635,22.1195,3
smoke,beta0.25_gamma0.10,0.25,0.1,degree,13,44,2.7386,0.114,2.5903,2.8386,18.6466,5.1604,13.3933,25.1537,3
smoke,beta0.25_gamma0.10,0.25,0.1,degree,14,47,2.7311,0.0386,2.6943,2.7807,18.952,1.902,17.5184,21.4428,3
smoke,beta0.25_gamma0.10,0.25,0.1,degree,15,51,2.7689,0.0476,2.7085,2.8165,17.8281,2.1044,15.1185,19.8065,3
smoke,beta0.25_gamma0.10,0.25,0.1,degree,16,54,2.6932,0.1159,2.5829,2.8421,20.1237,2.5016,17.7745,23.3454,3
smoke,beta0.25_gamma0.10,0.25,0.1,degree,17,57,2.6288,0.0882,2.5278,2.7329,22.0114,2.2984,19.0583,24.195,3
smoke,beta0.25_gamma0.10,0.25,0.1,degree,18,61,2.678,0.0631,2.5966,2.7369,20.5519,1.286,18.9541,21.9105,3
smoke,beta0.25_gamma0.10,0.25,0.1,degree,19,64,2.6099,0.0702,2.5182,2.6694,22.4975,3.7905,18.5601,27.2414,3
smoke,beta0.25_gamma0.10,0.25,0.1,degree,20,68,2.5871,0.0789,2.4937,2.6773,23.1896,3.5426,20.5534,27.8285,3
smoke,beta0.25_gamma0.10,0.25,0.1,gnn,1,3,3.3371,0.0375,3.2972,3.3836,0.972,1.9151,-1.5345,2.3538,3
smoke,beta0.25_gamma0.10,0.25,0.1,gnn,2,6,3.2008,0.0233,3.1722,3.2262,5.0144,1.8583,3.1876,7.3828,3
smoke,beta0.25_gamma0.10,0.25,0.1,gnn,3,10,3.0227,0.1315,2.9011,3.1926,10.3525,2.7818,7.6327,13.9031,3
smoke,beta0.25_gamma0.10,0.25,0.1,gnn,4,13,3.0682,0.0793,2.9813,3.1648,8.9043,4.0866,3.558,11.8024,3
smoke,beta0.25_gamma0.10,0.25,0.1,gnn,5,17,2.928,0.1266,2.7711,3.0625,13.062,5.0159,6.6752,18.0104,3
smoke,beta0.25_gamma0.10,0.25,0.1,gnn,6,20,2.8561,0.0511,2.7983,2.9171,15.2522,1.7985,12.9917,17.1,3
smoke,beta0.25_gamma0.10,0.25,0.1,gnn,7,23,2.8523,0.0491,2.8079,2.916,15.342,2.5983,13.4717,18.7427,3
smoke,beta0.25_gamma0.10,0.25,0.1,gnn,8,27,2.5454,0.1003,2.4176,2.6443,24.5038,2.1159,21.7501,26.3481,3
smoke,beta0.25_gamma0.10,0.25,0.1,gnn,9,30,2.6439,0.0326,2.6046,2.6801,21.5075,2.8017,18.2303,24.7495,3
smoke,beta0.25_gamma0.10,0.25,0.1,gnn,10,34,2.644,0.0375,2.5949,2.6705,21.5532,0.9884,20.8354,22.847,3
smoke,beta0.25_gamma0.10,0.25,0.1,gnn,11,37,2.6288,0.0708,2.5398,2.7017,21.9317,3.8976,17.5705,26.6184,3
smoke,beta0.25_gamma0.10,0.25,0.1,gnn,12,40,2.5454,0.0425,2.492,2.5892,24.4347,2.7173,21.9429,27.9485,3
smoke,beta0.25_gamma0.10,0.25,0.1,gnn,13,44,2.322,0.0438,2.2654,2.3625,31.1153,0.4982,30.6529,31.7583,3
smoke,beta0.25_gamma0.10,0.25,0.1,gnn,14,47,2.4091,0.0371,2.3659,2.4522,28.4883,2.3717,26.4331,31.5768,3
smoke,beta0.25_gamma0.10,0.25,0.1,gnn,15,51,2.447,0.0671,2.3591,2.4994,27.3349,3.56,23.7437,31.8377,3
smoke,beta0.25_gamma0.10,0.25,0.1,gnn,16,54,2.3561,0.0697,2.2767,2.4387,30.0977,1.8977,28.1942,32.5023,3
smoke,beta0.25_gamma0.10,0.25,0.1,gnn,17,57,2.3523,0.0245,2.3205,2.3744,30.2028,0.9572,29.2067,31.3999,3
smoke,beta0.25_gamma0.10,0.25,0.1,gnn,18,61,2.3447,0.0386,2.3079,2.3943,30.419,1.6898,28.9841,32.6233,3
smoke,beta0.25_gamma0.10,0.25,0.1,gnn,19,64,2.1439,0.1118,2.008,2.267,36.3982,3.0749,34.0477,40.425,3
smoke,beta0.25_gamma0.10,0.25,0.1,gnn,20,68,2.1818,0.0491,2.1181,2.2262,35.2782,0.4427,34.7169,35.7216,3
smoke,beta0.25_gamma0.10,0.25,0.1,random,1,3,3.3636,0.0246,3.3318,3.3858,0.1834,1.8172,-1.6661,2.475,3
smoke,beta0.25_gamma0.10,0.25,0.1,random,2,6,3.2197,0.0744,3.1301,3.3028,4.4937,0.0882,4.3839,4.5864,3
smoke,beta0.25_gamma0.10,0.25,0.1,random,3,10,3.2917,0.0429,3.2614,3.3478,2.2793,3.4875,-2.1407,5.7749,3
smoke,beta0.25_gamma0.10,0.25,0.1,random,4,13,3.1591,0.0609,3.084,3.2245,6.199,3.9851,1.6225,10.8932,3
smoke,beta0.25_gamma0.10,0.25,0.1,random,5,17,3.1023,0.1046,3.0233,3.2392,7.8637,5.1362,1.1816,12.3579,3
smoke,beta0.25_gamma0.10,0.25,0.1,random,6,20,3.053,0.0536,2.983,3.0909,9.3572,3.5503,5.6987,13.8144,3
smoke,beta0.25_gamma0.10,0.25,0.1,random,7,23,2.9811,0.0567,2.9228,3.0523,11.5134,2.9871,9.3776,15.4222,3
smoke,beta0.25_gamma0.10,0.25,0.1,random,8,27,2.8447,0.0703,2.7852,2.9364,15.6088,1.3869,14.2784,17.3871,3
smoke,beta0.25_gamma0.10,0.25,0.1,random,9,30,2.875,0.0161,2.854,2.8864,14.6822,1.5882,12.9287,16.6091,3
smoke,beta0.25_gamma0.10,0.25,0.1,random,10,34,2.7841,0.1217,2.6534,2.9341,17.4186,2.9289,15.1092,21.2526,3
smoke,beta0.25_gamma0.10,0.25,0.1,random,11,37,2.6742,0.0511,2.6164,2.7352,20.6484,1.7132,18.5318,22.4801,3
smoke,beta0.25_gamma0.10,0.25,0.1,random,12,40,2.6629,0.0386,2.6261,2.7125,20.9627,2.3398,19.1188,24.0256,3
smoke,beta0.25_gamma0.10,0.25,0.1,random,13,44,2.6061,0.0597,2.5284,2.658,22.6456,2.8067,19.0092,25.1866,3
smoke,beta0.25_gamma0.10,0.25,0.1,random,14,47,2.6553,0.0351,2.6256,2.7011,21.1907,2.1788,19.4654,24.0424,3
smoke,beta0.25_gamma0.10,0.25,0.1,random,15,51,2.5758,0.1168,2.4489,2.7188,23.5019,4.8659,17.1448,27.5404,3
smoke,beta0.25_gamma0.10,0.25,0.1,random,16,54,2.4849,0.0439,2.4443,2.5415,26.2596,1.8601,24.6175,28.6772,3
smoke,beta0.25_gamma0.10,0.25,0.1,random,17,57,2.4773,0.0482,2.4432,2.5404,26.4782,2.1654,24.6175,29.3001,3
smoke,beta0.25_gamma0.10,0.25,0.1,random,18,61,2.4129,0.1083,2.3,2.5483,28.3654,3.9941,24.3844,33.4361,3
smoke,beta0.25_gamma0.10,0.25,0.1,random,19,64,2.3523,0.0334,2.3193,2.3949,30.1635,2.6258,26.9313,32.991,3
smoke,beta0.25_gamma0.10,0.25,0.1,random,20,68,2.2235,0.0703,2.1318,2.283,33.9645,3.529,30.3477,38.4039,3
smoke,beta0.30_gamma0.10,0.3,0.1,betweenness,1,3,3.3712,0.0842,3.2677,3.4619,5.7913,3.1928,2.1176,9.5458,3
smoke,beta0.30_gamma0.10,0.3,0.1,betweenness,2,6,3.4015,0.0778,3.3415,3.5034,4.9807,1.595,2.962,6.5866,3
smoke,beta0.30_gamma0.10,0.3,0.1,betweenness,3,10,3.3409,0.0334,3.2983,3.3739,6.6541,1.5616,5.1881,8.6654,3
smoke,beta0.30_gamma0.10,0.3,0.1,betweenness,4,13,3.2311,0.0756,3.1324,3.2944,9.7471,1.2931,8.8078,11.4399,3
smoke,beta0.30_gamma0.10,0.3,0.1,betweenness,5,17,3.1098,0.1123,2.9647,3.2131,13.1129,3.2628,10.6307,17.3857,3
smoke,beta0.30_gamma0.10,0.3,0.1,betweenness,6,20,3.0455,0.0161,3.0341,3.0665,14.9142,0.8118,14.1684,15.9637,3
smoke,beta0.30_gamma0.10,0.3,0.1,betweenness,7,23,3.0455,0.1286,2.8772,3.1364,14.889,4.1871,11.3242,20.3499,3
smoke,beta0.30_gamma0.10,0.3,0.1,betweenness,8,27,3.0379,0.0351,2.992,3.0676,15.1214,1.4792,13.2946,16.704,3
smoke,beta0.30_gamma0.10,0.3,0.1,betweenness,9,30,2.9242,0.0107,2.9102,2.9318,18.3024,0.4844,17.7184,18.8422,3
smoke,beta0.30_gamma0.10,0.3,0.1,betweenness,10,34,2.6818,0.076,2.5857,2.7586,25.0623,2.5727,22.0296,28.0142,3
smoke,beta0.30_gamma0.10,0.3,0.1,betweenness,11,37,2.7349,0.0298,2.696,2.7608,23.5865,1.3844,22.2322,25.3532,3
smoke,beta0.30_gamma0.10,0.3,0.1,betweenness,12,40,2.6174,0.0439,2.5608,2.658,26.8715,1.4233,25.4526,28.6784,3
smoke,beta0.30_gamma0.10,0.3,0.1,betweenness,13,44,2.6288,0.116,2.4954,2.7653,26.5751,2.8297,23.0135,29.4708,3
smoke,beta0.30_gamma0.10,0.3,0.1,betweenness,14,47,2.5151,0.0567,2.4568,2.5864,29.7144,2.2491,26.8727,31.9907,3
smoke,beta0.30_gamma0.10,0.3,0.1,betweenness,15,51,2.356,0.0107,2.342,2.3636,34.1734,0.7509,33.1926,34.7992,3
smoke,beta0.30_gamma0.10,0.3,0.1,betweenness,16,54,2.4508,0.0618,2.3887,2.529,31.5275,1.8655,29.5184,33.8237,3
smoke,beta0.30_gamma0.10,0.3,0.1,betweenness,17,57,2.3371,0.0418,2.2869,2.3841,34.6928,1.7642,32.5926,36.6934,3
smoke,beta0.30_gamma0.10,0.3,0.1,betweenness,18,61,2.2652,0.0744,2.1756,2.3483,36.6955,2.6522,33.6039,39.7757,3
smoke,beta0.30_gamma0.10,0.3,0.1,betweenness,19,64,2.2348,0.0618,2.154,2.2835,37.5499,2.1518,35.7264,40.3573,3
smoke,beta0.30_gamma0.10,0.3,0.1,betweenness,20,68,2.2083,0.0439,2.1517,2.2489,38.2951,1.6126,36.9957,40.4048,3
smoke,beta0.30_gamma0.10,0.3,0.1,degree,1,3,3.4053,0.0233,3.3767,3.4307,4.8557,1.3946,3.0322,5.9951,3
smoke,beta0.30_gamma0.10,0.3,0.1,degree,2,6,3.3068,0.065,3.2313,3.3824,7.6156,1.7765,6.2964,9.9418,3
smoke,beta0.30_gamma0.10,0.3,0.1,degree,3,10,3.3068,0.0809,3.2012,3.3739,7.6319,1.4245,6.6059,9.4963,3
smoke,beta0.30_gamma0.10,0.3,0.1,degree,4,13,3.3333,0.1134,3.1909,3.45,6.8998,2.3076,4.4988,9.7859,3
smoke,beta0.30_gamma0.10,0.3,0.1,degree,5,17,3.2046,0.065,3.1488,3.2893,10.4821,1.2275,8.9114,11.6701,3
smoke,beta0.30_gamma0.10,0.3,0.1,degree,6,20,3.1894,0.0842,3.1153,3.2988,10.8697,3.1975,6.7264,13.7618,3
smoke,beta0.30_gamma0.10,0.3,0.1,degree,7,23,3.1402,0.0511,3.0733,3.1812,12.28,0.7312,11.436,13.1373,3
smoke,beta0.30_gamma0.10,0.3,0.1,degree,8,27,3.197,0.1107,3.0552,3.3034,10.6649,3.5815,7.9338,15.3551,3
smoke,beta0.30_gamma0.10,0.3,0.1,degree,9,30,3.0909,0.0491,3.0272,3.1353,13.6425,1.6319,11.9626,15.692,3
smoke,beta0.30_gamma0.10,0.3,0.1,degree,10,34,3.0,0.0321,2.9579,3.0227,16.1811,1.3331,14.5636,17.653,3
smoke,beta0.30_gamma0.10,0.3,0.1,degree,11,37,2.9659,0.0245,2.9341,2.988,17.1319,1.2958,15.8064,18.7631,3
smoke,beta0.30_gamma0.10,0.3,0.1,degree,12,40,2.9962,0.0142,2.9784,3.0108,16.292,0.5118,15.7748,16.939,3
smoke,beta0.30_gamma0.10,0.3,0.1,degree,13,44,2.928,0.0476,2.8676,2.9756,18.2044,0.8072,17.1618,18.9502,3
smoke,beta0.30_gamma0.10,0.3,0.1,degree,14,47,2.9318,0.0885,2.834,3.0393,18.0704,3.1122,14.0942,21.1015,3
smoke,beta0.30_gamma0.10,0.3,0.1,degree,15,51,2.8712,0.0596,2.8193,2.9488,19.7941,1.1292,18.3399,20.8547,3
smoke,beta0.30_gamma0.10,0.3,0.1,degree,16,54,2.8068,0.0464,2.7528,2.8608,21.5837,1.2988,20.5876,23.2845,3
smoke,beta0.30_gamma0.10,0.3,0.1,degree,17,57,2.7689,0.0458,2.709,2.8062,22.6293,1.8994,20.6575,25.0069,3
smoke,beta0.30_gamma0.10,0.3,0.1,degree,18,61,2.7046,0.0725,2.6097,2.7608,24.4234,2.5986,21.9426,27.7589,3
smoke,beta0.30_gamma0.10,0.3,0.1,degree,19,64,2.6099,0.0298,2.571,2.6358,27.0789,1.3556,25.7664,28.8134,3
smoke,beta0.30_gamma0.10,0.3,0.1,degree,20,68,2.6705,0.0804,2.5653,2.7273,25.3851,2.5106,22.9145,28.584,3
smoke,beta0.30_gamma0.10,0.3,0.1,gnn,1,3,3.428,0.0053,3.4211,3.4318,4.2234,1.0117,2.9707,5.3001,3
smoke,beta0.30_gamma0.10,0.3,0.1,gnn,2,6,3.3409,0.107,3.2119,3.4602,6.6405,3.6292,2.1945,10.5832,3
smoke,beta0.30_gamma0.10,0.3,0.1,gnn,3,10,3.1288,0.0934,3.0272,3.2432,12.581,2.8414,9.6139,16.1294,3
smoke,beta0.30_gamma0.10,0.3,0.1,gnn,4,13,3.1477,0.0649,3.092,3.2323,12.0662,1.4529,10.4534,13.8227,3
smoke,beta0.30_gamma0.10,0.3,0.1,gnn,5,17,3.0682,0.0517,3.0137,3.1324,14.2766,1.7251,12.7005,16.5086,3
smoke,beta0.30_gamma0.10,0.3,0.1,gnn,6,20,2.9167,0.0721,2.8245,2.9863,18.4949,2.705,15.5643,21.8139,3
smoke,beta0.30_gamma0.10,0.3,0.1,gnn,7,23,2.7917,0.0702,2.7,2.8512,22.0016,2.1701,19.9924,24.8035,3
smoke,beta0.30_gamma0.10,0.3,0.1,gnn,8,27,2.803,0.0283,2.7738,2.8386,21.6788,1.5297,19.741,23.2145,3
smoke,beta0.30_gamma0.10,0.3,0.1,gnn,9,30,2.6364,0.0792,2.5495,2.7329,26.3268,2.7938,22.7505,29.0261,3
smoke,beta0.30_gamma0.10,0.3,0.1,gnn,10,34,2.6515,0.116,2.5,2.7483,25.9495,2.5757,23.9228,29.3213,3
smoke,beta0.30_gamma0.10,0.3,0.1,gnn,11,37,2.678,0.1197,2.5608,2.8307,25.1519,3.9807,19.9856,28.7098,3
smoke,beta0.30_gamma0.10,0.3,0.1,gnn,12,40,2.6553,0.0837,2.5613,2.7557,25.7974,2.9059,22.1082,28.6941,3
smoke,beta0.30_gamma0.10,0.3,0.1,gnn,13,44,2.5795,0.0725,2.5233,2.6744,27.936,1.922,25.4815,29.8114,3
smoke,beta0.30_gamma0.10,0.3,0.1,gnn,14,47,2.5151,0.0632,2.4562,2.5966,29.7434,1.2432,28.1154,30.6887,3
smoke,beta0.30_gamma0.10,0.3,0.1,gnn,15,51,2.5417,0.0375,2.4926,2.5682,28.9979,0.452,28.5035,29.5494,3
smoke,beta0.30_gamma0.10,0.3,0.1,gnn,16,54,2.3939,0.0429,2.3636,2.45,33.1186,1.2025,31.7193,34.5176,3
smoke,beta0.30_gamma0.10,0.3,0.1,gnn,17,57,2.4091,0.0809,2.342,2.5147,32.7093,1.7904,30.3674,34.1564,3
smoke,beta0.30_gamma0.10,0.3,0.1,gnn,18,61,2.3902,0.0351,2.3443,2.4199,33.2206,1.2238,31.8921,34.7205,3
smoke,beta0.30_gamma0.10,0.3,0.1,gnn,19,64,2.3371,0.0697,2.2545,2.4165,34.6857,2.5427,31.6762,37.5895,3
smoke,beta0.30_gamma0.10,0.3,0.1,gnn,20,68,2.2348,0.0684,2.1722,2.3232,37.5448,2.4582,34.3291,39.5288,3
smoke,beta0.30_gamma0.10,0.3,0.1,random,1,3,3.3977,0.0405,3.3449,3.4312,5.0696,1.5298,3.3062,6.8655,3
smoke,beta0.30_gamma0.10,0.3,0.1,random,2,6,3.3144,0.1339,3.1392,3.4091,7.3907,4.0425,3.6432,12.609,3
smoke,beta0.30_gamma0.10,0.3,0.1,random,3,10,3.3106,0.0298,3.2847,3.3495,7.5082,0.9335,6.667,8.7184,3
smoke,beta0.30_gamma0.10,0.3,0.1,random,4,13,3.3031,0.0929,3.1983,3.4143,7.7247,2.4382,5.4162,10.8597,3
smoke,beta0.30_gamma0.10,0.3,0.1,random,5,17,3.1553,0.0418,3.1051,3.2022,11.8522,0.7865,10.8325,12.5606,3
smoke,beta0.30_gamma0.10,0.3,0.1,random,6,20,3.125,0.1286,2.9568,3.2159,12.6825,3.8742,9.1034,17.6864,3
smoke,beta0.30_gamma0.10,0.3,0.1,random,7,23,3.1326,0.0631,3.0512,3.1915,12.4787,1.9622,10.6621,15.0122,3
smoke,beta0.30_gamma0.10,0.3,0.1,random,8,27,3.1212,0.0901,3.0074,3.2125,12.8202,1.7101,11.0731,14.974,3
smoke,beta0.30_gamma0.10,0.3,0.1,random,9,30,3.0076,0.0419,2.9573,3.0545,15.9822,0.4191,15.4453,16.3857,3
smoke,beta0.30_gamma0.10,0.3,0.1,random,10,34,2.8712,0.1824,2.6323,3.0103,19.7673,5.3648,14.9162,26.7192,3
smoke,beta0.30_gamma0.10,0.3,0.1,random,11,37,2.875,0.0245,2.8529,2.9068,19.6697,1.4055,17.8291,20.7454,3
smoke,beta0.30_gamma0.10,0.3,0.1,random,12,40,2.8561,0.0604,2.7875,2.9278,20.201,1.9854,18.4013,22.7728,3
smoke,beta0.30_gamma0.10,0.3,0.1,random,13,44,2.7235,0.0284,2.6943,2.7591,23.9026,1.4422,22.0139,24.9921,3
smoke,beta0.30_gamma0.10,0.3,0.1,random,14,47,2.7689,0.0756,2.7056,2.8676,22.6204,2.8086,18.9434,24.6757,3
smoke,beta0.30_gamma0.10,0.3,0.1,random,15,51,2.5455,0.0759,2.4495,2.6222,28.8992,1.6207,27.0003,30.7713,3
smoke,beta0.30_gamma0.10,0.3,0.1,random,16,54,2.4886,0.0736,2.3932,2.5551,30.4539,2.624,27.7574,33.7515,3
smoke,beta0.30_gamma0.10,0.3,0.1,random,17,57,2.4962,0.0862,2.3835,2.5671,30.2807,1.7811,28.94,32.6132,3
smoke,beta0.30_gamma0.10,0.3,0.1,random,18,61,2.4015,0.0778,2.3415,2.5034,32.9179,1.7967,30.65,34.7416,3
smoke,beta0.30_gamma0.10,0.3,0.1,random,19,64,2.2765,0.075,2.1785,2.3295,36.3824,2.5493,34.1357,39.6966,3
smoke,beta0.30_gamma0.10,0.3,0.1,random,20,68,2.303,0.0351,2.2733,2.3489,35.6631,0.6073,34.945,36.3573,3
